<?xml version="1.0" encoding="utf-8" standalone="yes" ?>
<Window size="1366,768" caption="0,0,0,66" defaultfontcolor="#FF333333" showshadow="true" shadowimage="shadow_active.png" shadowcorner="35,35,35,35">
    <Font name="微软雅黑" size="12" bold="false" italic="false" default="true" />
    <Font name="微软雅黑" size="18" bold="false" italic="false" />
    <Font name="微软雅黑" size="14" bold="false" italic="false" />
    <Font name="宋体" size="25" bold="true" italic="false" />
    <Default name="VScrollBar" value="range=&quot;100&quot; width=&quot;12&quot; maxwidth=&quot;12&quot; button1normalimage=&quot;&quot; button1hotimage=&quot;&quot; button1pushedimage=&quot;&quot; button1disabledimage=&quot;&quot; button2normalimage=&quot;&quot; button2hotimage=&quot;&quot; button2pushedimage=&quot;&quot; button2disabledimage=&quot;&quot; thumbnormalimage=&quot;file=&apos;scroball_mm.png&apos; corner=&apos;4,4,4,4&apos;&quot; thumbhotimage=&quot;file=&apos;scroball_c.png&apos; corner=&apos;4,4,4,4&apos;&quot; thumbpushedimage=&quot;file=&apos;scroball_c.png&apos; corner=&apos;4,4,4,4&apos;&quot; thumbdisabledimage=&quot;file=&apos;scroball_mm.png&apos; corner=&apos;4,4,4,4&apos;&quot; bknormalimage=&quot;scrobar_bk_n.png&quot; bkhotimage=&quot;scrobar_bk_n.png&quot; bkpushedimage=&quot;scrobar_bk_n.png&quot; bkdisabledimage=&quot;scrobar_bk_n.png&quot; showbutton1=&quot;false&quot; showbutton2=&quot;false&quot;" />
    <Default name="HScrollBar" value="range=&quot;100&quot; height=&quot;7&quot; maxheight=&quot;7&quot; button1normalimage=&quot;&quot; button1hotimage=&quot;&quot; button1pushedimage=&quot;&quot; button1disabledimage=&quot;&quot; button2normalimage=&quot;&quot; button2hotimage=&quot;&quot; button2pushedimage=&quot;&quot; button2disabledimage=&quot;&quot; thumbnormalimage=&quot;file=&apos;scroball_mm_hor.png&apos; corner=&apos;4,4,4,4&apos;&quot; thumbhotimage=&quot;file=&apos;scroball_c_hor.png&apos; corner=&apos;4,4,4,4&apos;&quot; thumbpushedimage=&quot;file=&apos;scroball_c_hor.png&apos; corner=&apos;4,4,4,4&apos;&quot; thumbdisabledimage=&quot;file=&apos;scroball_mm_hor.png&apos; corner=&apos;4,4,4,4&apos;&quot; bknormalimage=&quot;scrobar_bk_n_hor.png&quot; bkhotimage=&quot;scrobar_bk_n_hor.png&quot; bkpushedimage=&quot;scrobar_bk_n_hor.png&quot; bkdisabledimage=&quot;scrobar_bk_n_hor.png&quot; showbutton1=&quot;false&quot; showbutton2=&quot;false&quot;" />
    <VerticalLayout bkcolor="#FF0D0E1A" inset="20,16,20,0">
        <HorizontalLayout childpadding="20">
            <VerticalLayout bkcolor="#FF141529">
                <HorizontalLayout height="52">
                    <Label text="嵌入的浏览器控件" float="true" pos="58,11,0,0" width="177" height="30" textcolor="#00FFFFFF" disabledtextcolor="#FFA7A6AA" font="1" align="lefttop" />
                    <Label float="true" pos="0,47,0,0" width="183" height="2" bkimage="line_2.png" textcolor="#FF333333" disabledtextcolor="#FFA7A6AA" align="left" />
                    <Label float="true" pos="12,9,0,0" width="35" height="35" bkimage="icon_video.png" textcolor="#FF333333" disabledtextcolor="#FFA7A6AA" align="left" />
                </HorizontalLayout>
                <VerticalLayout inset="10,0,10,0" childpadding="14">
                    <Container>
                        <TestBrowser />
                    </Container>
                </VerticalLayout>
            </VerticalLayout>
            <VerticalLayout width="380" inset="0,35,0,0">
                <HorizontalLayout height="28">
                    <Edit name="url#edit" text="输入url地址" float="true" pos="2,1,0,0" width="377" height="27" bkcolor="#FFC0C0C0" textpadding="4,3,4,3" textcolor="#00333333" disabledtextcolor="#FFA7A6AA" font="0" align="leftvcenter" />
                </HorizontalLayout>
                <VerticalLayout height="180">
                    <Container>
                        <RichEdit name="jscode#richedit" width="380" height="110" bkcolor="#FF141529" inset="5,6,5,7" font="0" textcolor="#00FFFBF0" />
                    </Container>
                    <HorizontalLayout height="34">
                        <Button name="inject.jscode#btn" float="true" pos="5,1,0,0" width="32" height="32" bkimage="start.png" textcolor="#FF333333" disabledtextcolor="#FFA7A6AA" align="centervcenter" />
                        <Label text="注入JS代碼" float="true" pos="42,2,0,0" width="327" height="30" textcolor="#00FFFBF0" disabledtextcolor="#FFA7A6AA" font="2" align="leftvcenter" />
                    </HorizontalLayout>
                </VerticalLayout>
                <HorizontalLayout />
            </VerticalLayout>
        </HorizontalLayout>
    </VerticalLayout>
</Window>
